,file,reward
26,oie_bias-0.0_hitmiss-1.0_bw-3.0_density-expset_ngrams-1t4.csv,1.963454582035644
25,oie_bias-0.0_hitmiss-1.0_bw-3.0_density-expset_ngrams-1t3.csv,1.9634545798298848
24,oie_bias-0.0_hitmiss-1.0_bw-3.0_density-expset_ngrams-1t2.csv,1.9634545570144344
294,oie_bias-8.0_hitmiss-1.0_bw-5.0_density-gausset_ngrams-1t4.csv,0.5211727721345467
293,oie_bias-8.0_hitmiss-1.0_bw-5.0_density-gausset_ngrams-1t3.csv,0.5211727721345467
292,oie_bias-8.0_hitmiss-1.0_bw-5.0_density-gausset_ngrams-1t2.csv,0.5211727721345467
91,oie_bias-10.0_hitmiss-1.0_bw-3.0_density-gausset_ngrams-1t3.csv,0.5203647399992241
90,oie_bias-10.0_hitmiss-1.0_bw-3.0_density-gausset_ngrams-1t2.csv,0.5203647399992241
92,oie_bias-10.0_hitmiss-1.0_bw-3.0_density-gausset_ngrams-1t4.csv,0.5203647399992241
282,oie_bias-8.0_hitmiss-1.0_bw-4.0_density-gausset_ngrams-1t4.csv,0.5181145344582422
280,oie_bias-8.0_hitmiss-1.0_bw-4.0_density-gausset_ngrams-1t2.csv,0.5181145344582422
281,oie_bias-8.0_hitmiss-1.0_bw-4.0_density-gausset_ngrams-1t3.csv,0.5181145344582422
78,oie_bias-10.0_hitmiss-1.0_bw-2.0_density-gausset_ngrams-1t2.csv,0.513893296411311
79,oie_bias-10.0_hitmiss-1.0_bw-2.0_density-gausset_ngrams-1t3.csv,0.513893296411311
80,oie_bias-10.0_hitmiss-1.0_bw-2.0_density-gausset_ngrams-1t4.csv,0.513893296411311
269,oie_bias-8.0_hitmiss-1.0_bw-3.0_density-gausset_ngrams-1t3.csv,0.5130687635087678
270,oie_bias-8.0_hitmiss-1.0_bw-3.0_density-gausset_ngrams-1t4.csv,0.5130687635087678
268,oie_bias-8.0_hitmiss-1.0_bw-3.0_density-gausset_ngrams-1t2.csv,0.5130687635087678
257,oie_bias-8.0_hitmiss-1.0_bw-2.0_density-gausset_ngrams-1t3.csv,0.5031725441057021
256,oie_bias-8.0_hitmiss-1.0_bw-2.0_density-gausset_ngrams-1t2.csv,0.5031725441057021
258,oie_bias-8.0_hitmiss-1.0_bw-2.0_density-gausset_ngrams-1t4.csv,0.5031725441057021
234,oie_bias-5.0_hitmiss-1.0_bw-5.0_density-gausset_ngrams-1t4.csv,0.5023566930836145
232,oie_bias-5.0_hitmiss-1.0_bw-5.0_density-gausset_ngrams-1t2.csv,0.5023566930836145
233,oie_bias-5.0_hitmiss-1.0_bw-5.0_density-gausset_ngrams-1t3.csv,0.5023566930836145
66,oie_bias-10.0_hitmiss-1.0_bw-1.0_density-gausset_ngrams-1t2.csv,0.4951444644173577
67,oie_bias-10.0_hitmiss-1.0_bw-1.0_density-gausset_ngrams-1t3.csv,0.4951444644139833
68,oie_bias-10.0_hitmiss-1.0_bw-1.0_density-gausset_ngrams-1t4.csv,0.4951444644139833
220,oie_bias-5.0_hitmiss-1.0_bw-4.0_density-gausset_ngrams-1t2.csv,0.4948885321962521
221,oie_bias-5.0_hitmiss-1.0_bw-4.0_density-gausset_ngrams-1t3.csv,0.4948885321962521
222,oie_bias-5.0_hitmiss-1.0_bw-4.0_density-gausset_ngrams-1t4.csv,0.4948885321962521
208,oie_bias-5.0_hitmiss-1.0_bw-3.0_density-gausset_ngrams-1t2.csv,0.4827596463222499
209,oie_bias-5.0_hitmiss-1.0_bw-3.0_density-gausset_ngrams-1t3.csv,0.4827596463222492
210,oie_bias-5.0_hitmiss-1.0_bw-3.0_density-gausset_ngrams-1t4.csv,0.4827596463222492
244,oie_bias-8.0_hitmiss-1.0_bw-1.0_density-gausset_ngrams-1t2.csv,0.4750522615973224
246,oie_bias-8.0_hitmiss-1.0_bw-1.0_density-gausset_ngrams-1t4.csv,0.4750522614183096
245,oie_bias-8.0_hitmiss-1.0_bw-1.0_density-gausset_ngrams-1t3.csv,0.4750522614183096
196,oie_bias-5.0_hitmiss-1.0_bw-2.0_density-gausset_ngrams-1t2.csv,0.4596808139083804
198,oie_bias-5.0_hitmiss-1.0_bw-2.0_density-gausset_ngrams-1t4.csv,0.4596808139071565
197,oie_bias-5.0_hitmiss-1.0_bw-2.0_density-gausset_ngrams-1t3.csv,0.4596808139071565
296,oie_bias-8.0_hitmiss-1.0_bw-5.0_density-gausset_ngrams-2t4.csv,0.4092682121148327
295,oie_bias-8.0_hitmiss-1.0_bw-5.0_density-gausset_ngrams-2t3.csv,0.4092682121148327
94,oie_bias-10.0_hitmiss-1.0_bw-3.0_density-gausset_ngrams-2t4.csv,0.4085687673118113
93,oie_bias-10.0_hitmiss-1.0_bw-3.0_density-gausset_ngrams-2t3.csv,0.4085687673118113
283,oie_bias-8.0_hitmiss-1.0_bw-4.0_density-gausset_ngrams-2t3.csv,0.4066216317801212
284,oie_bias-8.0_hitmiss-1.0_bw-4.0_density-gausset_ngrams-2t4.csv,0.4066216317801212
82,oie_bias-10.0_hitmiss-1.0_bw-2.0_density-gausset_ngrams-2t4.csv,0.4029716251738134
81,oie_bias-10.0_hitmiss-1.0_bw-2.0_density-gausset_ngrams-2t3.csv,0.4029716251738134
272,oie_bias-8.0_hitmiss-1.0_bw-3.0_density-gausset_ngrams-2t4.csv,0.40225908180046654
271,oie_bias-8.0_hitmiss-1.0_bw-3.0_density-gausset_ngrams-2t3.csv,0.40225908180046654
184,oie_bias-5.0_hitmiss-1.0_bw-1.0_density-gausset_ngrams-1t2.csv,0.3992591216675716
185,oie_bias-5.0_hitmiss-1.0_bw-1.0_density-gausset_ngrams-1t3.csv,0.3992590587594035
186,oie_bias-5.0_hitmiss-1.0_bw-1.0_density-gausset_ngrams-1t4.csv,0.3992590587590033
260,oie_bias-8.0_hitmiss-1.0_bw-2.0_density-gausset_ngrams-2t4.csv,0.3937175274054797
259,oie_bias-8.0_hitmiss-1.0_bw-2.0_density-gausset_ngrams-2t3.csv,0.3937175274054797
235,oie_bias-5.0_hitmiss-1.0_bw-5.0_density-gausset_ngrams-2t3.csv,0.39301422818141424
236,oie_bias-5.0_hitmiss-1.0_bw-5.0_density-gausset_ngrams-2t4.csv,0.39301422818141424
69,oie_bias-10.0_hitmiss-1.0_bw-1.0_density-gausset_ngrams-2t3.csv,0.38680278962385184
70,oie_bias-10.0_hitmiss-1.0_bw-1.0_density-gausset_ngrams-2t4.csv,0.38680278962385184
224,oie_bias-5.0_hitmiss-1.0_bw-4.0_density-gausset_ngrams-2t4.csv,0.3865825659947969
223,oie_bias-5.0_hitmiss-1.0_bw-4.0_density-gausset_ngrams-2t3.csv,0.3865825659947969
212,oie_bias-5.0_hitmiss-1.0_bw-3.0_density-gausset_ngrams-2t4.csv,0.3761611242252548
211,oie_bias-5.0_hitmiss-1.0_bw-3.0_density-gausset_ngrams-2t3.csv,0.3761611242252548
248,oie_bias-8.0_hitmiss-1.0_bw-1.0_density-gausset_ngrams-2t4.csv,0.36955431543622935
247,oie_bias-8.0_hitmiss-1.0_bw-1.0_density-gausset_ngrams-2t3.csv,0.36955431543622935
172,oie_bias-2.0_hitmiss-1.0_bw-5.0_density-gausset_ngrams-1t2.csv,0.3675268689267209
174,oie_bias-2.0_hitmiss-1.0_bw-5.0_density-gausset_ngrams-1t4.csv,0.3675268689266611
173,oie_bias-2.0_hitmiss-1.0_bw-5.0_density-gausset_ngrams-1t3.csv,0.3675268689266611
200,oie_bias-5.0_hitmiss-1.0_bw-2.0_density-gausset_ngrams-2t4.csv,0.3564150280944185
199,oie_bias-5.0_hitmiss-1.0_bw-2.0_density-gausset_ngrams-2t3.csv,0.3564150280944185
160,oie_bias-2.0_hitmiss-1.0_bw-4.0_density-gausset_ngrams-1t2.csv,0.3365619040106301
162,oie_bias-2.0_hitmiss-1.0_bw-4.0_density-gausset_ngrams-1t4.csv,0.3365619040025163
161,oie_bias-2.0_hitmiss-1.0_bw-4.0_density-gausset_ngrams-1t3.csv,0.3365619040025163
188,oie_bias-5.0_hitmiss-1.0_bw-1.0_density-gausset_ngrams-2t4.csv,0.3052285534038078
187,oie_bias-5.0_hitmiss-1.0_bw-1.0_density-gausset_ngrams-2t3.csv,0.305228553402834
148,oie_bias-2.0_hitmiss-1.0_bw-3.0_density-gausset_ngrams-1t2.csv,0.2924626474565959
150,oie_bias-2.0_hitmiss-1.0_bw-3.0_density-gausset_ngrams-1t4.csv,0.2924626464220316
149,oie_bias-2.0_hitmiss-1.0_bw-3.0_density-gausset_ngrams-1t3.csv,0.2924626464220316
176,oie_bias-2.0_hitmiss-1.0_bw-5.0_density-gausset_ngrams-2t4.csv,0.278731543943187
175,oie_bias-2.0_hitmiss-1.0_bw-5.0_density-gausset_ngrams-2t3.csv,0.278731543943187
163,oie_bias-2.0_hitmiss-1.0_bw-4.0_density-gausset_ngrams-2t3.csv,0.2530802439181521
164,oie_bias-2.0_hitmiss-1.0_bw-4.0_density-gausset_ngrams-2t4.csv,0.2530802439181521
136,oie_bias-2.0_hitmiss-1.0_bw-2.0_density-gausset_ngrams-1t2.csv,0.2263734101935932
137,oie_bias-2.0_hitmiss-1.0_bw-2.0_density-gausset_ngrams-1t3.csv,0.2263732950881752
138,oie_bias-2.0_hitmiss-1.0_bw-2.0_density-gausset_ngrams-1t4.csv,0.2263732950878243
151,oie_bias-2.0_hitmiss-1.0_bw-3.0_density-gausset_ngrams-2t3.csv,0.2169835277655674
152,oie_bias-2.0_hitmiss-1.0_bw-3.0_density-gausset_ngrams-2t4.csv,0.2169835277655674
140,oie_bias-2.0_hitmiss-1.0_bw-2.0_density-gausset_ngrams-2t4.csv,0.1639088666140074
139,oie_bias-2.0_hitmiss-1.0_bw-2.0_density-gausset_ngrams-2t3.csv,0.16390886661318405
124,oie_bias-2.0_hitmiss-1.0_bw-1.0_density-gausset_ngrams-1t2.csv,0.12617138740456962
125,oie_bias-2.0_hitmiss-1.0_bw-1.0_density-gausset_ngrams-1t3.csv,0.12616340185166472
126,oie_bias-2.0_hitmiss-1.0_bw-1.0_density-gausset_ngrams-1t4.csv,0.12616336797749764
297,oie_bias-8.0_hitmiss-1.0_bw-5.0_density-gausset_ngrams-3t4.csv,0.10232915299262622
95,oie_bias-10.0_hitmiss-1.0_bw-3.0_density-gausset_ngrams-3t4.csv,0.1020916269968012
285,oie_bias-8.0_hitmiss-1.0_bw-4.0_density-gausset_ngrams-3t4.csv,0.10143109189462747
83,oie_bias-10.0_hitmiss-1.0_bw-2.0_density-gausset_ngrams-3t4.csv,0.10019565642144312
273,oie_bias-8.0_hitmiss-1.0_bw-3.0_density-gausset_ngrams-3t4.csv,0.09995490154037703
261,oie_bias-8.0_hitmiss-1.0_bw-2.0_density-gausset_ngrams-3t4.csv,0.09707970559841048
237,oie_bias-5.0_hitmiss-1.0_bw-5.0_density-gausset_ngrams-3t4.csv,0.0968438619852875
71,oie_bias-10.0_hitmiss-1.0_bw-1.0_density-gausset_ngrams-3t4.csv,0.09476689338125477
225,oie_bias-5.0_hitmiss-1.0_bw-4.0_density-gausset_ngrams-3t4.csv,0.09469345240748413
213,oie_bias-5.0_hitmiss-1.0_bw-3.0_density-gausset_ngrams-3t4.csv,0.09123372030732499
249,oie_bias-8.0_hitmiss-1.0_bw-1.0_density-gausset_ngrams-3t4.csv,0.08905641444864469
201,oie_bias-5.0_hitmiss-1.0_bw-2.0_density-gausset_ngrams-3t4.csv,0.08476379538752454
128,oie_bias-2.0_hitmiss-1.0_bw-1.0_density-gausset_ngrams-2t4.csv,0.08258265342615373
127,oie_bias-2.0_hitmiss-1.0_bw-1.0_density-gausset_ngrams-2t3.csv,0.08258257697434733
189,oie_bias-5.0_hitmiss-1.0_bw-1.0_density-gausset_ngrams-3t4.csv,0.0685514264032245
177,oie_bias-2.0_hitmiss-1.0_bw-5.0_density-gausset_ngrams-3t4.csv,0.06047851244596941
165,oie_bias-2.0_hitmiss-1.0_bw-4.0_density-gausset_ngrams-3t4.csv,0.052910307072820115
153,oie_bias-2.0_hitmiss-1.0_bw-3.0_density-gausset_ngrams-3t4.csv,0.042692779652591
141,oie_bias-2.0_hitmiss-1.0_bw-2.0_density-gausset_ngrams-3t4.csv,0.02873801310436215
129,oie_bias-2.0_hitmiss-1.0_bw-1.0_density-gausset_ngrams-3t4.csv,0.01132480078091947
37,oie_bias-0.0_hitmiss-1.0_bw-4.0_density-expset_ngrams-1t3.csv,0.0095811050601296
38,oie_bias-0.0_hitmiss-1.0_bw-4.0_density-expset_ngrams-1t4.csv,0.00958110505803008
36,oie_bias-0.0_hitmiss-1.0_bw-4.0_density-expset_ngrams-1t2.csv,0.00958110497642654
7,oie_bias-0.0_hitmiss-1.0_bw-1.0_density-gausset_ngrams-1t3.csv,0.0033549669347813565
8,oie_bias-0.0_hitmiss-1.0_bw-1.0_density-gausset_ngrams-1t4.csv,0.003350742046625166
6,oie_bias-0.0_hitmiss-1.0_bw-1.0_density-gausset_ngrams-1t2.csv,0.0033063025708236103
19,oie_bias-0.0_hitmiss-1.0_bw-2.0_density-gausset_ngrams-1t3.csv,0.001086770428316006
20,oie_bias-0.0_hitmiss-1.0_bw-2.0_density-gausset_ngrams-1t4.csv,0.001086726705268595
18,oie_bias-0.0_hitmiss-1.0_bw-2.0_density-gausset_ngrams-1t2.csv,0.001086214919704884
5,oie_bias-0.0_hitmiss-1.0_bw-1.0_density-expset_ngrams-3t4.csv,0.001014116201548205
30,oie_bias-0.0_hitmiss-1.0_bw-3.0_density-gausset_ngrams-1t2.csv,0.00041254092090217237
31,oie_bias-0.0_hitmiss-1.0_bw-3.0_density-gausset_ngrams-1t3.csv,0.00041248195135195806
32,oie_bias-0.0_hitmiss-1.0_bw-3.0_density-gausset_ngrams-1t4.csv,0.000412481499338416
10,oie_bias-0.0_hitmiss-1.0_bw-1.0_density-gausset_ngrams-2t4.csv,0.00023528472387010897
9,oie_bias-0.0_hitmiss-1.0_bw-1.0_density-gausset_ngrams-2t3.csv,0.00023417630111280567
22,oie_bias-0.0_hitmiss-1.0_bw-2.0_density-gausset_ngrams-2t4.csv,0.00018086409202003602
21,oie_bias-0.0_hitmiss-1.0_bw-2.0_density-gausset_ngrams-2t3.csv,0.00018084121998790585
42,oie_bias-0.0_hitmiss-1.0_bw-4.0_density-gausset_ngrams-1t2.csv,0.0001730093577885475
43,oie_bias-0.0_hitmiss-1.0_bw-4.0_density-gausset_ngrams-1t3.csv,0.00017297933860625322
44,oie_bias-0.0_hitmiss-1.0_bw-4.0_density-gausset_ngrams-1t4.csv,0.00017297933376374619
34,oie_bias-0.0_hitmiss-1.0_bw-3.0_density-gausset_ngrams-2t4.csv,0.00011235708832501467
33,oie_bias-0.0_hitmiss-1.0_bw-3.0_density-gausset_ngrams-2t3.csv,0.00011235676096398478
54,oie_bias-0.0_hitmiss-1.0_bw-5.0_density-gausset_ngrams-1t2.csv,7.674993029445431e-05
55,oie_bias-0.0_hitmiss-1.0_bw-5.0_density-gausset_ngrams-1t3.csv,7.674059277543123e-05
56,oie_bias-0.0_hitmiss-1.0_bw-5.0_density-gausset_ngrams-1t4.csv,7.674059272299792e-05
46,oie_bias-0.0_hitmiss-1.0_bw-4.0_density-gausset_ngrams-2t4.csv,5.726910880663877e-05
45,oie_bias-0.0_hitmiss-1.0_bw-4.0_density-gausset_ngrams-2t3.csv,5.726910516603557e-05
49,oie_bias-0.0_hitmiss-1.0_bw-5.0_density-expset_ngrams-1t3.csv,2.70196678634971e-05
50,oie_bias-0.0_hitmiss-1.0_bw-5.0_density-expset_ngrams-1t4.csv,2.701966786310591e-05
48,oie_bias-0.0_hitmiss-1.0_bw-5.0_density-expset_ngrams-1t2.csv,2.7019667817849272e-05
58,oie_bias-0.0_hitmiss-1.0_bw-5.0_density-gausset_ngrams-2t4.csv,2.666742443096008e-05
57,oie_bias-0.0_hitmiss-1.0_bw-5.0_density-gausset_ngrams-2t3.csv,2.6667424395091305e-05
11,oie_bias-0.0_hitmiss-1.0_bw-1.0_density-gausset_ngrams-3t4.csv,1.0165446931476896e-05
23,oie_bias-0.0_hitmiss-1.0_bw-2.0_density-gausset_ngrams-3t4.csv,7.506857997305587e-07
35,oie_bias-0.0_hitmiss-1.0_bw-3.0_density-gausset_ngrams-3t4.csv,5.514486957278221e-07
47,oie_bias-0.0_hitmiss-1.0_bw-4.0_density-gausset_ngrams-3t4.csv,8.044246032214839e-08
59,oie_bias-0.0_hitmiss-1.0_bw-5.0_density-gausset_ngrams-3t4.csv,8.068897122908552e-09
155,oie_bias-2.0_hitmiss-1.0_bw-4.0_density-expset_ngrams-1t3.csv,5.7408495201072e-15
156,oie_bias-2.0_hitmiss-1.0_bw-4.0_density-expset_ngrams-1t4.csv,5.7408495183217105e-15
154,oie_bias-2.0_hitmiss-1.0_bw-4.0_density-expset_ngrams-1t2.csv,5.740849343227864e-15
143,oie_bias-2.0_hitmiss-1.0_bw-3.0_density-expset_ngrams-1t3.csv,5.597896816441517e-15
144,oie_bias-2.0_hitmiss-1.0_bw-3.0_density-expset_ngrams-1t4.csv,5.597896781907578e-15
142,oie_bias-2.0_hitmiss-1.0_bw-3.0_density-expset_ngrams-1t2.csv,5.597882732468974e-15
167,oie_bias-2.0_hitmiss-1.0_bw-5.0_density-expset_ngrams-1t3.csv,3.524220145973242e-15
168,oie_bias-2.0_hitmiss-1.0_bw-5.0_density-expset_ngrams-1t4.csv,3.524220145918717e-15
166,oie_bias-2.0_hitmiss-1.0_bw-5.0_density-expset_ngrams-1t2.csv,3.524220138495643e-15
131,oie_bias-2.0_hitmiss-1.0_bw-2.0_density-expset_ngrams-1t3.csv,8.542865544228039e-16
132,oie_bias-2.0_hitmiss-1.0_bw-2.0_density-expset_ngrams-1t4.csv,8.542864477324657e-16
130,oie_bias-2.0_hitmiss-1.0_bw-2.0_density-expset_ngrams-1t2.csv,8.539832271141572e-16
227,oie_bias-5.0_hitmiss-1.0_bw-5.0_density-expset_ngrams-1t3.csv,2.0600059042086438e-18
228,oie_bias-5.0_hitmiss-1.0_bw-5.0_density-expset_ngrams-1t4.csv,2.0600059041794027e-18
226,oie_bias-5.0_hitmiss-1.0_bw-5.0_density-expset_ngrams-1t2.csv,2.060005899849443e-18
215,oie_bias-5.0_hitmiss-1.0_bw-4.0_density-expset_ngrams-1t3.csv,1.1157765902824035e-18
216,oie_bias-5.0_hitmiss-1.0_bw-4.0_density-expset_ngrams-1t4.csv,1.1157765899645143e-18
214,oie_bias-5.0_hitmiss-1.0_bw-4.0_density-expset_ngrams-1t2.csv,1.1157765438164522e-18
120,oie_bias-2.0_hitmiss-1.0_bw-1.0_density-expset_ngrams-1t4.csv,3.1217427491857296e-19
119,oie_bias-2.0_hitmiss-1.0_bw-1.0_density-expset_ngrams-1t3.csv,3.1214146178108315e-19
118,oie_bias-2.0_hitmiss-1.0_bw-1.0_density-expset_ngrams-1t2.csv,2.9550947881235797e-19
287,oie_bias-8.0_hitmiss-1.0_bw-5.0_density-expset_ngrams-1t3.csv,1.4948476385271954e-19
288,oie_bias-8.0_hitmiss-1.0_bw-5.0_density-expset_ngrams-1t4.csv,1.494847638506809e-19
286,oie_bias-8.0_hitmiss-1.0_bw-5.0_density-expset_ngrams-1t2.csv,1.4948476353802216e-19
203,oie_bias-5.0_hitmiss-1.0_bw-3.0_density-expset_ngrams-1t3.csv,1.3059372749547244e-19
204,oie_bias-5.0_hitmiss-1.0_bw-3.0_density-expset_ngrams-1t4.csv,1.3059372675425213e-19
202,oie_bias-5.0_hitmiss-1.0_bw-3.0_density-expset_ngrams-1t2.csv,1.305931506881888e-19
275,oie_bias-8.0_hitmiss-1.0_bw-4.0_density-expset_ngrams-1t3.csv,6.196897529589287e-20
276,oie_bias-8.0_hitmiss-1.0_bw-4.0_density-expset_ngrams-1t4.csv,6.196897527894589e-20
274,oie_bias-8.0_hitmiss-1.0_bw-4.0_density-expset_ngrams-1t2.csv,6.196897246005848e-20
108,oie_bias-10.0_hitmiss-1.0_bw-5.0_density-expset_ngrams-1t3.csv,5.661594865817803e-20
109,oie_bias-10.0_hitmiss-1.0_bw-5.0_density-expset_ngrams-1t4.csv,5.661594865741876e-20
97,oie_bias-10.0_hitmiss-1.0_bw-4.0_density-expset_ngrams-1t3.csv,2.1593156083637743e-20
98,oie_bias-10.0_hitmiss-1.0_bw-4.0_density-expset_ngrams-1t4.csv,2.1593156077828467e-20
96,oie_bias-10.0_hitmiss-1.0_bw-4.0_density-expset_ngrams-1t2.csv,2.159315506185153e-20
3,oie_bias-0.0_hitmiss-1.0_bw-1.0_density-expset_ngrams-2t3.csv,5.8408810837396994e-21
4,oie_bias-0.0_hitmiss-1.0_bw-1.0_density-expset_ngrams-2t4.csv,5.7368053076805025e-21
263,oie_bias-8.0_hitmiss-1.0_bw-3.0_density-expset_ngrams-1t3.csv,4.247271298057328e-21
264,oie_bias-8.0_hitmiss-1.0_bw-3.0_density-expset_ngrams-1t4.csv,4.247271274900344e-21
262,oie_bias-8.0_hitmiss-1.0_bw-3.0_density-expset_ngrams-1t2.csv,4.247249520492149e-21
85,oie_bias-10.0_hitmiss-1.0_bw-3.0_density-expset_ngrams-1t3.csv,1.2451696528370096e-21
86,oie_bias-10.0_hitmiss-1.0_bw-3.0_density-expset_ngrams-1t4.csv,1.2451696461560709e-21
84,oie_bias-10.0_hitmiss-1.0_bw-3.0_density-expset_ngrams-1t2.csv,1.2451629373261145e-21
191,oie_bias-5.0_hitmiss-1.0_bw-2.0_density-expset_ngrams-1t3.csv,1.17603571731194e-22
192,oie_bias-5.0_hitmiss-1.0_bw-2.0_density-expset_ngrams-1t4.csv,1.1760355812123523e-22
190,oie_bias-5.0_hitmiss-1.0_bw-2.0_density-expset_ngrams-1t2.csv,1.1752322837156507e-22
251,oie_bias-8.0_hitmiss-1.0_bw-2.0_density-expset_ngrams-1t3.csv,1.0253390370380494e-24
252,oie_bias-8.0_hitmiss-1.0_bw-2.0_density-expset_ngrams-1t4.csv,1.0253389239642828e-24
250,oie_bias-8.0_hitmiss-1.0_bw-2.0_density-expset_ngrams-1t2.csv,1.0245179512112106e-24
73,oie_bias-10.0_hitmiss-1.0_bw-2.0_density-expset_ngrams-1t3.csv,1.9499076138394363e-25
74,oie_bias-10.0_hitmiss-1.0_bw-2.0_density-expset_ngrams-1t4.csv,1.949907403017488e-25
72,oie_bias-10.0_hitmiss-1.0_bw-2.0_density-expset_ngrams-1t2.csv,1.948262013576304e-25
16,oie_bias-0.0_hitmiss-1.0_bw-2.0_density-expset_ngrams-2t4.csv,9.625539564735028e-32
15,oie_bias-0.0_hitmiss-1.0_bw-2.0_density-expset_ngrams-2t3.csv,9.624787790906829e-32
180,oie_bias-5.0_hitmiss-1.0_bw-1.0_density-expset_ngrams-1t4.csv,1.728498231156281e-34
179,oie_bias-5.0_hitmiss-1.0_bw-1.0_density-expset_ngrams-1t3.csv,1.7280597193641409e-34
178,oie_bias-5.0_hitmiss-1.0_bw-1.0_density-expset_ngrams-1t2.csv,1.5313116871648382e-34
240,oie_bias-8.0_hitmiss-1.0_bw-1.0_density-expset_ngrams-1t4.csv,1.259044311816815e-38
239,oie_bias-8.0_hitmiss-1.0_bw-1.0_density-expset_ngrams-1t3.csv,1.2586557661667614e-38
238,oie_bias-8.0_hitmiss-1.0_bw-1.0_density-expset_ngrams-1t2.csv,1.0910076534907991e-38
62,oie_bias-10.0_hitmiss-1.0_bw-1.0_density-expset_ngrams-1t4.csv,5.012273707417202e-40
61,oie_bias-10.0_hitmiss-1.0_bw-1.0_density-expset_ngrams-1t3.csv,5.010627085328606e-40
60,oie_bias-10.0_hitmiss-1.0_bw-1.0_density-expset_ngrams-1t2.csv,4.309306076137909e-40
28,oie_bias-0.0_hitmiss-1.0_bw-3.0_density-expset_ngrams-2t4.csv,5.690001496272266e-54
27,oie_bias-0.0_hitmiss-1.0_bw-3.0_density-expset_ngrams-2t3.csv,5.689999458292316e-54
39,oie_bias-0.0_hitmiss-1.0_bw-4.0_density-expset_ngrams-2t3.csv,8.1035146741707e-66
40,oie_bias-0.0_hitmiss-1.0_bw-4.0_density-expset_ngrams-2t4.csv,8.103514481846903e-66
51,oie_bias-0.0_hitmiss-1.0_bw-5.0_density-expset_ngrams-2t3.csv,1.1135214000932601e-73
52,oie_bias-0.0_hitmiss-1.0_bw-5.0_density-expset_ngrams-2t4.csv,1.1135213957599945e-73
14,oie_bias-0.0_hitmiss-1.0_bw-2.0_density-expset_ngrams-1t4.csv,3.537296490140244e-86
13,oie_bias-0.0_hitmiss-1.0_bw-2.0_density-expset_ngrams-1t3.csv,3.5371300486426506e-86
12,oie_bias-0.0_hitmiss-1.0_bw-2.0_density-expset_ngrams-1t2.csv,3.527832028435313e-86
146,oie_bias-2.0_hitmiss-1.0_bw-3.0_density-expset_ngrams-2t4.csv,2.211240595290276e-113
145,oie_bias-2.0_hitmiss-1.0_bw-3.0_density-expset_ngrams-2t3.csv,2.2112387065422315e-113
157,oie_bias-2.0_hitmiss-1.0_bw-4.0_density-expset_ngrams-2t3.csv,1.5369632268451935e-113
158,oie_bias-2.0_hitmiss-1.0_bw-4.0_density-expset_ngrams-2t4.csv,1.5369631872402806e-113
169,oie_bias-2.0_hitmiss-1.0_bw-5.0_density-expset_ngrams-2t3.csv,7.516078232571781e-115
170,oie_bias-2.0_hitmiss-1.0_bw-5.0_density-expset_ngrams-2t4.csv,7.516078199348278e-115
134,oie_bias-2.0_hitmiss-1.0_bw-2.0_density-expset_ngrams-2t4.csv,2.3845128431722502e-117
133,oie_bias-2.0_hitmiss-1.0_bw-2.0_density-expset_ngrams-2t3.csv,2.3839593379459374e-117
229,oie_bias-5.0_hitmiss-1.0_bw-5.0_density-expset_ngrams-2t3.csv,5.842721272983279e-136
230,oie_bias-5.0_hitmiss-1.0_bw-5.0_density-expset_ngrams-2t4.csv,5.842721246157609e-136
122,oie_bias-2.0_hitmiss-1.0_bw-1.0_density-expset_ngrams-2t4.csv,1.685237536310884e-136
121,oie_bias-2.0_hitmiss-1.0_bw-1.0_density-expset_ngrams-2t3.csv,1.4846387892055042e-136
217,oie_bias-5.0_hitmiss-1.0_bw-4.0_density-expset_ngrams-2t3.csv,9.327378018505489e-137
218,oie_bias-5.0_hitmiss-1.0_bw-4.0_density-expset_ngrams-2t4.csv,9.32737778241877e-137
206,oie_bias-5.0_hitmiss-1.0_bw-3.0_density-expset_ngrams-2t4.csv,2.532479632994597e-140
205,oie_bias-5.0_hitmiss-1.0_bw-3.0_density-expset_ngrams-2t3.csv,2.532476616596945e-140
289,oie_bias-8.0_hitmiss-1.0_bw-5.0_density-expset_ngrams-2t3.csv,5.0679543228378205e-145
290,oie_bias-8.0_hitmiss-1.0_bw-5.0_density-expset_ngrams-2t4.csv,5.0679542992720106e-145
277,oie_bias-8.0_hitmiss-1.0_bw-4.0_density-expset_ngrams-2t3.csv,1.8981239655389643e-146
278,oie_bias-8.0_hitmiss-1.0_bw-4.0_density-expset_ngrams-2t4.csv,1.898123918275348e-146
110,oie_bias-10.0_hitmiss-1.0_bw-5.0_density-expset_ngrams-2t3.csv,1.2107195585302491e-148
111,oie_bias-10.0_hitmiss-1.0_bw-5.0_density-expset_ngrams-2t4.csv,1.2107195528753324e-148
99,oie_bias-10.0_hitmiss-1.0_bw-4.0_density-expset_ngrams-2t3.csv,2.8218879377270366e-150
100,oie_bias-10.0_hitmiss-1.0_bw-4.0_density-expset_ngrams-2t4.csv,2.8218878680116633e-150
266,oie_bias-8.0_hitmiss-1.0_bw-3.0_density-expset_ngrams-2t4.csv,3.76241721657004e-151
265,oie_bias-8.0_hitmiss-1.0_bw-3.0_density-expset_ngrams-2t3.csv,3.7624121558512515e-151
194,oie_bias-5.0_hitmiss-1.0_bw-2.0_density-expset_ngrams-2t4.csv,8.367206753430784e-153
193,oie_bias-5.0_hitmiss-1.0_bw-2.0_density-expset_ngrams-2t3.csv,8.364508934255279e-153
88,oie_bias-10.0_hitmiss-1.0_bw-3.0_density-expset_ngrams-2t4.csv,2.3191496191315763e-155
87,oie_bias-10.0_hitmiss-1.0_bw-3.0_density-expset_ngrams-2t3.csv,2.3191463543630534e-155
254,oie_bias-8.0_hitmiss-1.0_bw-2.0_density-expset_ngrams-2t4.csv,2.826871180793063e-166
253,oie_bias-8.0_hitmiss-1.0_bw-2.0_density-expset_ngrams-2t3.csv,2.825851485124924e-166
76,oie_bias-10.0_hitmiss-1.0_bw-2.0_density-expset_ngrams-2t4.csv,2.140631657950559e-171
75,oie_bias-10.0_hitmiss-1.0_bw-2.0_density-expset_ngrams-2t3.csv,2.1398271471563536e-171
182,oie_bias-5.0_hitmiss-1.0_bw-1.0_density-expset_ngrams-2t4.csv,8.277079120397052e-205
181,oie_bias-5.0_hitmiss-1.0_bw-1.0_density-expset_ngrams-2t3.csv,6.763559133523607e-205
242,oie_bias-8.0_hitmiss-1.0_bw-1.0_density-expset_ngrams-2t4.csv,3.3707523977670327e-228
241,oie_bias-8.0_hitmiss-1.0_bw-1.0_density-expset_ngrams-2t3.csv,2.678390380854327e-228
64,oie_bias-10.0_hitmiss-1.0_bw-1.0_density-expset_ngrams-2t4.csv,9.705181986830436e-237
63,oie_bias-10.0_hitmiss-1.0_bw-1.0_density-expset_ngrams-2t3.csv,7.631271731907212e-237
291,oie_bias-8.0_hitmiss-1.0_bw-5.0_density-expset_ngrams-3t4.csv,0.0
17,oie_bias-0.0_hitmiss-1.0_bw-2.0_density-expset_ngrams-3t4.csv,0.0
279,oie_bias-8.0_hitmiss-1.0_bw-4.0_density-expset_ngrams-3t4.csv,0.0
2,oie_bias-0.0_hitmiss-1.0_bw-1.0_density-expset_ngrams-1t4.csv,0.0
159,oie_bias-2.0_hitmiss-1.0_bw-4.0_density-expset_ngrams-3t4.csv,0.0
29,oie_bias-0.0_hitmiss-1.0_bw-3.0_density-expset_ngrams-3t4.csv,0.0
41,oie_bias-0.0_hitmiss-1.0_bw-4.0_density-expset_ngrams-3t4.csv,0.0
1,oie_bias-0.0_hitmiss-1.0_bw-1.0_density-expset_ngrams-1t3.csv,0.0
171,oie_bias-2.0_hitmiss-1.0_bw-5.0_density-expset_ngrams-3t4.csv,0.0
147,oie_bias-2.0_hitmiss-1.0_bw-3.0_density-expset_ngrams-3t4.csv,0.0
183,oie_bias-5.0_hitmiss-1.0_bw-1.0_density-expset_ngrams-3t4.csv,0.0
135,oie_bias-2.0_hitmiss-1.0_bw-2.0_density-expset_ngrams-3t4.csv,0.0
195,oie_bias-5.0_hitmiss-1.0_bw-2.0_density-expset_ngrams-3t4.csv,0.0
123,oie_bias-2.0_hitmiss-1.0_bw-1.0_density-expset_ngrams-3t4.csv,0.0
207,oie_bias-5.0_hitmiss-1.0_bw-3.0_density-expset_ngrams-3t4.csv,0.0
112,oie_bias-10.0_hitmiss-1.0_bw-5.0_density-expset_ngrams-3t4.csv,0.0
101,oie_bias-10.0_hitmiss-1.0_bw-4.0_density-expset_ngrams-3t4.csv,0.0
219,oie_bias-5.0_hitmiss-1.0_bw-4.0_density-expset_ngrams-3t4.csv,0.0
89,oie_bias-10.0_hitmiss-1.0_bw-3.0_density-expset_ngrams-3t4.csv,0.0
231,oie_bias-5.0_hitmiss-1.0_bw-5.0_density-expset_ngrams-3t4.csv,0.0
77,oie_bias-10.0_hitmiss-1.0_bw-2.0_density-expset_ngrams-3t4.csv,0.0
243,oie_bias-8.0_hitmiss-1.0_bw-1.0_density-expset_ngrams-3t4.csv,0.0
65,oie_bias-10.0_hitmiss-1.0_bw-1.0_density-expset_ngrams-3t4.csv,0.0
255,oie_bias-8.0_hitmiss-1.0_bw-2.0_density-expset_ngrams-3t4.csv,0.0
53,oie_bias-0.0_hitmiss-1.0_bw-5.0_density-expset_ngrams-3t4.csv,0.0
267,oie_bias-8.0_hitmiss-1.0_bw-3.0_density-expset_ngrams-3t4.csv,0.0
0,oie_bias-0.0_hitmiss-1.0_bw-1.0_density-expset_ngrams-1t2.csv,0.0
102,oie_bias-10.0_hitmiss-1.0_bw-4.0_density-gausset_ngrams-1t2.csv,
103,oie_bias-10.0_hitmiss-1.0_bw-4.0_density-gausset_ngrams-1t3.csv,
104,oie_bias-10.0_hitmiss-1.0_bw-4.0_density-gausset_ngrams-1t4.csv,
105,oie_bias-10.0_hitmiss-1.0_bw-4.0_density-gausset_ngrams-2t3.csv,
106,oie_bias-10.0_hitmiss-1.0_bw-4.0_density-gausset_ngrams-2t4.csv,
107,oie_bias-10.0_hitmiss-1.0_bw-4.0_density-gausset_ngrams-3t4.csv,
113,oie_bias-10.0_hitmiss-1.0_bw-5.0_density-gausset_ngrams-1t2.csv,
114,oie_bias-10.0_hitmiss-1.0_bw-5.0_density-gausset_ngrams-1t4.csv,
115,oie_bias-10.0_hitmiss-1.0_bw-5.0_density-gausset_ngrams-2t3.csv,
116,oie_bias-10.0_hitmiss-1.0_bw-5.0_density-gausset_ngrams-2t4.csv,
117,oie_bias-10.0_hitmiss-1.0_bw-5.0_density-gausset_ngrams-3t4.csv,
298,rdn_bias-0.0_hitmiss-1.0_bw-1.0_density-expset_ngrams-1t2.csv,
299,rdn_bias-0.0_hitmiss-1.0_bw-1.0_density-expset_ngrams-1t3.csv,
300,rdn_bias-0.0_hitmiss-1.0_bw-1.0_density-expset_ngrams-1t4.csv,
301,rdn_bias-0.0_hitmiss-1.0_bw-1.0_density-expset_ngrams-2t3.csv,
302,rdn_bias-0.0_hitmiss-1.0_bw-1.0_density-expset_ngrams-2t4.csv,
303,rdn_bias-0.0_hitmiss-1.0_bw-1.0_density-expset_ngrams-3t4.csv,
304,rdn_bias-0.0_hitmiss-1.0_bw-1.0_density-gausset_ngrams-1t2.csv,
305,rdn_bias-0.0_hitmiss-1.0_bw-1.0_density-gausset_ngrams-1t3.csv,
306,rdn_bias-0.0_hitmiss-1.0_bw-1.0_density-gausset_ngrams-1t4.csv,
307,rdn_bias-0.0_hitmiss-1.0_bw-1.0_density-gausset_ngrams-2t3.csv,
308,rdn_bias-0.0_hitmiss-1.0_bw-1.0_density-gausset_ngrams-2t4.csv,
309,rdn_bias-0.0_hitmiss-1.0_bw-1.0_density-gausset_ngrams-3t4.csv,
310,rdn_bias-0.0_hitmiss-1.0_bw-2.0_density-expset_ngrams-1t2.csv,
311,rdn_bias-0.0_hitmiss-1.0_bw-2.0_density-expset_ngrams-1t3.csv,
312,rdn_bias-0.0_hitmiss-1.0_bw-2.0_density-expset_ngrams-1t4.csv,
313,rdn_bias-0.0_hitmiss-1.0_bw-2.0_density-expset_ngrams-2t3.csv,
314,rdn_bias-0.0_hitmiss-1.0_bw-2.0_density-expset_ngrams-2t4.csv,
315,rdn_bias-0.0_hitmiss-1.0_bw-2.0_density-expset_ngrams-3t4.csv,
316,rdn_bias-0.0_hitmiss-1.0_bw-2.0_density-gausset_ngrams-1t2.csv,
317,rdn_bias-0.0_hitmiss-1.0_bw-2.0_density-gausset_ngrams-1t3.csv,
318,rdn_bias-0.0_hitmiss-1.0_bw-2.0_density-gausset_ngrams-1t4.csv,
319,rdn_bias-0.0_hitmiss-1.0_bw-2.0_density-gausset_ngrams-2t3.csv,
320,rdn_bias-0.0_hitmiss-1.0_bw-2.0_density-gausset_ngrams-2t4.csv,
321,rdn_bias-0.0_hitmiss-1.0_bw-2.0_density-gausset_ngrams-3t4.csv,
322,rdn_bias-0.0_hitmiss-1.0_bw-3.0_density-expset_ngrams-1t2.csv,
323,rdn_bias-0.0_hitmiss-1.0_bw-3.0_density-expset_ngrams-1t3.csv,
324,rdn_bias-0.0_hitmiss-1.0_bw-3.0_density-expset_ngrams-1t4.csv,
325,rdn_bias-0.0_hitmiss-1.0_bw-3.0_density-expset_ngrams-2t3.csv,
326,rdn_bias-0.0_hitmiss-1.0_bw-3.0_density-expset_ngrams-2t4.csv,
327,rdn_bias-0.0_hitmiss-1.0_bw-3.0_density-expset_ngrams-3t4.csv,
328,rdn_bias-0.0_hitmiss-1.0_bw-3.0_density-gausset_ngrams-1t2.csv,
329,rdn_bias-0.0_hitmiss-1.0_bw-3.0_density-gausset_ngrams-1t3.csv,
330,rdn_bias-0.0_hitmiss-1.0_bw-3.0_density-gausset_ngrams-1t4.csv,
331,rdn_bias-0.0_hitmiss-1.0_bw-3.0_density-gausset_ngrams-2t3.csv,
332,rdn_bias-0.0_hitmiss-1.0_bw-3.0_density-gausset_ngrams-2t4.csv,
333,rdn_bias-0.0_hitmiss-1.0_bw-3.0_density-gausset_ngrams-3t4.csv,
334,rdn_bias-0.0_hitmiss-1.0_bw-4.0_density-expset_ngrams-1t2.csv,
335,rdn_bias-0.0_hitmiss-1.0_bw-4.0_density-expset_ngrams-1t3.csv,
336,rdn_bias-0.0_hitmiss-1.0_bw-4.0_density-expset_ngrams-1t4.csv,
337,rdn_bias-0.0_hitmiss-1.0_bw-4.0_density-expset_ngrams-2t3.csv,
338,rdn_bias-0.0_hitmiss-1.0_bw-4.0_density-expset_ngrams-2t4.csv,
339,rdn_bias-0.0_hitmiss-1.0_bw-4.0_density-expset_ngrams-3t4.csv,
340,rdn_bias-0.0_hitmiss-1.0_bw-4.0_density-gausset_ngrams-1t2.csv,
341,rdn_bias-0.0_hitmiss-1.0_bw-4.0_density-gausset_ngrams-1t3.csv,
342,rdn_bias-0.0_hitmiss-1.0_bw-4.0_density-gausset_ngrams-1t4.csv,
343,rdn_bias-0.0_hitmiss-1.0_bw-4.0_density-gausset_ngrams-2t3.csv,
344,rdn_bias-0.0_hitmiss-1.0_bw-4.0_density-gausset_ngrams-2t4.csv,
345,rdn_bias-0.0_hitmiss-1.0_bw-4.0_density-gausset_ngrams-3t4.csv,
346,rdn_bias-0.0_hitmiss-1.0_bw-5.0_density-expset_ngrams-1t2.csv,
347,rdn_bias-0.0_hitmiss-1.0_bw-5.0_density-expset_ngrams-1t3.csv,
348,rdn_bias-0.0_hitmiss-1.0_bw-5.0_density-expset_ngrams-1t4.csv,
349,rdn_bias-0.0_hitmiss-1.0_bw-5.0_density-expset_ngrams-2t3.csv,
350,rdn_bias-0.0_hitmiss-1.0_bw-5.0_density-expset_ngrams-2t4.csv,
351,rdn_bias-0.0_hitmiss-1.0_bw-5.0_density-expset_ngrams-3t4.csv,
352,rdn_bias-0.0_hitmiss-1.0_bw-5.0_density-gausset_ngrams-1t2.csv,
353,rdn_bias-0.0_hitmiss-1.0_bw-5.0_density-gausset_ngrams-1t3.csv,
354,rdn_bias-0.0_hitmiss-1.0_bw-5.0_density-gausset_ngrams-1t4.csv,
355,rdn_bias-0.0_hitmiss-1.0_bw-5.0_density-gausset_ngrams-2t3.csv,
356,rdn_bias-0.0_hitmiss-1.0_bw-5.0_density-gausset_ngrams-2t4.csv,
357,rdn_bias-0.0_hitmiss-1.0_bw-5.0_density-gausset_ngrams-3t4.csv,
358,rdn_bias-10.0_hitmiss-1.0_bw-1.0_density-expset_ngrams-1t2.csv,
359,rdn_bias-10.0_hitmiss-1.0_bw-1.0_density-expset_ngrams-1t3.csv,
360,rdn_bias-10.0_hitmiss-1.0_bw-1.0_density-expset_ngrams-1t4.csv,
361,rdn_bias-10.0_hitmiss-1.0_bw-1.0_density-expset_ngrams-2t3.csv,
362,rdn_bias-10.0_hitmiss-1.0_bw-1.0_density-expset_ngrams-2t4.csv,
363,rdn_bias-10.0_hitmiss-1.0_bw-1.0_density-expset_ngrams-3t4.csv,
364,rdn_bias-10.0_hitmiss-1.0_bw-1.0_density-gausset_ngrams-1t2.csv,
365,rdn_bias-10.0_hitmiss-1.0_bw-1.0_density-gausset_ngrams-1t3.csv,
366,rdn_bias-10.0_hitmiss-1.0_bw-1.0_density-gausset_ngrams-1t4.csv,
367,rdn_bias-10.0_hitmiss-1.0_bw-1.0_density-gausset_ngrams-2t3.csv,
368,rdn_bias-10.0_hitmiss-1.0_bw-1.0_density-gausset_ngrams-2t4.csv,
369,rdn_bias-10.0_hitmiss-1.0_bw-1.0_density-gausset_ngrams-3t4.csv,
370,rdn_bias-10.0_hitmiss-1.0_bw-2.0_density-expset_ngrams-1t2.csv,
371,rdn_bias-10.0_hitmiss-1.0_bw-2.0_density-expset_ngrams-1t3.csv,
372,rdn_bias-10.0_hitmiss-1.0_bw-2.0_density-expset_ngrams-1t4.csv,
373,rdn_bias-10.0_hitmiss-1.0_bw-2.0_density-expset_ngrams-2t3.csv,
374,rdn_bias-10.0_hitmiss-1.0_bw-2.0_density-expset_ngrams-2t4.csv,
375,rdn_bias-10.0_hitmiss-1.0_bw-2.0_density-expset_ngrams-3t4.csv,
376,rdn_bias-10.0_hitmiss-1.0_bw-2.0_density-gausset_ngrams-1t2.csv,
377,rdn_bias-10.0_hitmiss-1.0_bw-2.0_density-gausset_ngrams-1t3.csv,
378,rdn_bias-10.0_hitmiss-1.0_bw-2.0_density-gausset_ngrams-1t4.csv,
379,rdn_bias-10.0_hitmiss-1.0_bw-2.0_density-gausset_ngrams-2t3.csv,
380,rdn_bias-10.0_hitmiss-1.0_bw-2.0_density-gausset_ngrams-2t4.csv,
381,rdn_bias-10.0_hitmiss-1.0_bw-2.0_density-gausset_ngrams-3t4.csv,
382,rdn_bias-10.0_hitmiss-1.0_bw-3.0_density-expset_ngrams-1t2.csv,
383,rdn_bias-10.0_hitmiss-1.0_bw-3.0_density-expset_ngrams-1t3.csv,
384,rdn_bias-10.0_hitmiss-1.0_bw-3.0_density-expset_ngrams-1t4.csv,
385,rdn_bias-10.0_hitmiss-1.0_bw-3.0_density-expset_ngrams-2t3.csv,
386,rdn_bias-10.0_hitmiss-1.0_bw-3.0_density-expset_ngrams-2t4.csv,
387,rdn_bias-10.0_hitmiss-1.0_bw-3.0_density-expset_ngrams-3t4.csv,
388,rdn_bias-10.0_hitmiss-1.0_bw-3.0_density-gausset_ngrams-1t2.csv,
389,rdn_bias-10.0_hitmiss-1.0_bw-3.0_density-gausset_ngrams-1t3.csv,
390,rdn_bias-10.0_hitmiss-1.0_bw-3.0_density-gausset_ngrams-1t4.csv,
391,rdn_bias-10.0_hitmiss-1.0_bw-3.0_density-gausset_ngrams-2t3.csv,
392,rdn_bias-10.0_hitmiss-1.0_bw-3.0_density-gausset_ngrams-2t4.csv,
393,rdn_bias-10.0_hitmiss-1.0_bw-3.0_density-gausset_ngrams-3t4.csv,
394,rdn_bias-10.0_hitmiss-1.0_bw-4.0_density-expset_ngrams-1t2.csv,
395,rdn_bias-10.0_hitmiss-1.0_bw-4.0_density-expset_ngrams-1t3.csv,
396,rdn_bias-10.0_hitmiss-1.0_bw-4.0_density-expset_ngrams-1t4.csv,
397,rdn_bias-10.0_hitmiss-1.0_bw-4.0_density-expset_ngrams-2t3.csv,
398,rdn_bias-10.0_hitmiss-1.0_bw-4.0_density-expset_ngrams-2t4.csv,
399,rdn_bias-10.0_hitmiss-1.0_bw-4.0_density-expset_ngrams-3t4.csv,
400,rdn_bias-10.0_hitmiss-1.0_bw-4.0_density-gausset_ngrams-1t2.csv,
401,rdn_bias-10.0_hitmiss-1.0_bw-4.0_density-gausset_ngrams-1t3.csv,
402,rdn_bias-10.0_hitmiss-1.0_bw-4.0_density-gausset_ngrams-1t4.csv,
403,rdn_bias-10.0_hitmiss-1.0_bw-4.0_density-gausset_ngrams-2t3.csv,
404,rdn_bias-10.0_hitmiss-1.0_bw-4.0_density-gausset_ngrams-2t4.csv,
405,rdn_bias-10.0_hitmiss-1.0_bw-4.0_density-gausset_ngrams-3t4.csv,
406,rdn_bias-10.0_hitmiss-1.0_bw-5.0_density-expset_ngrams-1t3.csv,
407,rdn_bias-10.0_hitmiss-1.0_bw-5.0_density-expset_ngrams-1t4.csv,
408,rdn_bias-10.0_hitmiss-1.0_bw-5.0_density-expset_ngrams-2t3.csv,
409,rdn_bias-10.0_hitmiss-1.0_bw-5.0_density-expset_ngrams-2t4.csv,
410,rdn_bias-10.0_hitmiss-1.0_bw-5.0_density-expset_ngrams-3t4.csv,
411,rdn_bias-10.0_hitmiss-1.0_bw-5.0_density-gausset_ngrams-1t2.csv,
412,rdn_bias-10.0_hitmiss-1.0_bw-5.0_density-gausset_ngrams-1t4.csv,
413,rdn_bias-10.0_hitmiss-1.0_bw-5.0_density-gausset_ngrams-2t3.csv,
414,rdn_bias-10.0_hitmiss-1.0_bw-5.0_density-gausset_ngrams-2t4.csv,
415,rdn_bias-10.0_hitmiss-1.0_bw-5.0_density-gausset_ngrams-3t4.csv,
416,rdn_bias-2.0_hitmiss-1.0_bw-1.0_density-expset_ngrams-1t2.csv,
417,rdn_bias-2.0_hitmiss-1.0_bw-1.0_density-expset_ngrams-1t3.csv,
418,rdn_bias-2.0_hitmiss-1.0_bw-1.0_density-expset_ngrams-1t4.csv,
419,rdn_bias-2.0_hitmiss-1.0_bw-1.0_density-expset_ngrams-2t3.csv,
420,rdn_bias-2.0_hitmiss-1.0_bw-1.0_density-expset_ngrams-2t4.csv,
421,rdn_bias-2.0_hitmiss-1.0_bw-1.0_density-expset_ngrams-3t4.csv,
422,rdn_bias-2.0_hitmiss-1.0_bw-1.0_density-gausset_ngrams-1t2.csv,
423,rdn_bias-2.0_hitmiss-1.0_bw-1.0_density-gausset_ngrams-1t3.csv,
424,rdn_bias-2.0_hitmiss-1.0_bw-1.0_density-gausset_ngrams-1t4.csv,
425,rdn_bias-2.0_hitmiss-1.0_bw-1.0_density-gausset_ngrams-2t3.csv,
426,rdn_bias-2.0_hitmiss-1.0_bw-1.0_density-gausset_ngrams-2t4.csv,
427,rdn_bias-2.0_hitmiss-1.0_bw-1.0_density-gausset_ngrams-3t4.csv,
428,rdn_bias-2.0_hitmiss-1.0_bw-2.0_density-expset_ngrams-1t2.csv,
429,rdn_bias-2.0_hitmiss-1.0_bw-2.0_density-expset_ngrams-1t3.csv,
430,rdn_bias-2.0_hitmiss-1.0_bw-2.0_density-expset_ngrams-1t4.csv,
431,rdn_bias-2.0_hitmiss-1.0_bw-2.0_density-expset_ngrams-2t3.csv,
432,rdn_bias-2.0_hitmiss-1.0_bw-2.0_density-expset_ngrams-2t4.csv,
433,rdn_bias-2.0_hitmiss-1.0_bw-2.0_density-expset_ngrams-3t4.csv,
434,rdn_bias-2.0_hitmiss-1.0_bw-2.0_density-gausset_ngrams-1t2.csv,
435,rdn_bias-2.0_hitmiss-1.0_bw-2.0_density-gausset_ngrams-1t3.csv,
436,rdn_bias-2.0_hitmiss-1.0_bw-2.0_density-gausset_ngrams-1t4.csv,
437,rdn_bias-2.0_hitmiss-1.0_bw-2.0_density-gausset_ngrams-2t3.csv,
438,rdn_bias-2.0_hitmiss-1.0_bw-2.0_density-gausset_ngrams-2t4.csv,
439,rdn_bias-2.0_hitmiss-1.0_bw-2.0_density-gausset_ngrams-3t4.csv,
440,rdn_bias-2.0_hitmiss-1.0_bw-3.0_density-expset_ngrams-1t2.csv,
441,rdn_bias-2.0_hitmiss-1.0_bw-3.0_density-expset_ngrams-1t3.csv,
442,rdn_bias-2.0_hitmiss-1.0_bw-3.0_density-expset_ngrams-1t4.csv,
443,rdn_bias-2.0_hitmiss-1.0_bw-3.0_density-expset_ngrams-2t3.csv,
444,rdn_bias-2.0_hitmiss-1.0_bw-3.0_density-expset_ngrams-2t4.csv,
445,rdn_bias-2.0_hitmiss-1.0_bw-3.0_density-expset_ngrams-3t4.csv,
446,rdn_bias-2.0_hitmiss-1.0_bw-3.0_density-gausset_ngrams-1t2.csv,
447,rdn_bias-2.0_hitmiss-1.0_bw-3.0_density-gausset_ngrams-1t3.csv,
448,rdn_bias-2.0_hitmiss-1.0_bw-3.0_density-gausset_ngrams-1t4.csv,
449,rdn_bias-2.0_hitmiss-1.0_bw-3.0_density-gausset_ngrams-2t3.csv,
450,rdn_bias-2.0_hitmiss-1.0_bw-3.0_density-gausset_ngrams-2t4.csv,
451,rdn_bias-2.0_hitmiss-1.0_bw-3.0_density-gausset_ngrams-3t4.csv,
452,rdn_bias-2.0_hitmiss-1.0_bw-4.0_density-expset_ngrams-1t2.csv,
453,rdn_bias-2.0_hitmiss-1.0_bw-4.0_density-expset_ngrams-1t3.csv,
454,rdn_bias-2.0_hitmiss-1.0_bw-4.0_density-expset_ngrams-1t4.csv,
455,rdn_bias-2.0_hitmiss-1.0_bw-4.0_density-expset_ngrams-2t3.csv,
456,rdn_bias-2.0_hitmiss-1.0_bw-4.0_density-expset_ngrams-2t4.csv,
457,rdn_bias-2.0_hitmiss-1.0_bw-4.0_density-expset_ngrams-3t4.csv,
458,rdn_bias-2.0_hitmiss-1.0_bw-4.0_density-gausset_ngrams-1t2.csv,
459,rdn_bias-2.0_hitmiss-1.0_bw-4.0_density-gausset_ngrams-1t3.csv,
460,rdn_bias-2.0_hitmiss-1.0_bw-4.0_density-gausset_ngrams-1t4.csv,
461,rdn_bias-2.0_hitmiss-1.0_bw-4.0_density-gausset_ngrams-2t3.csv,
462,rdn_bias-2.0_hitmiss-1.0_bw-4.0_density-gausset_ngrams-2t4.csv,
463,rdn_bias-2.0_hitmiss-1.0_bw-4.0_density-gausset_ngrams-3t4.csv,
464,rdn_bias-2.0_hitmiss-1.0_bw-5.0_density-expset_ngrams-1t2.csv,
465,rdn_bias-2.0_hitmiss-1.0_bw-5.0_density-expset_ngrams-1t3.csv,
466,rdn_bias-2.0_hitmiss-1.0_bw-5.0_density-expset_ngrams-1t4.csv,
467,rdn_bias-2.0_hitmiss-1.0_bw-5.0_density-expset_ngrams-2t3.csv,
468,rdn_bias-2.0_hitmiss-1.0_bw-5.0_density-expset_ngrams-2t4.csv,
469,rdn_bias-2.0_hitmiss-1.0_bw-5.0_density-expset_ngrams-3t4.csv,
470,rdn_bias-2.0_hitmiss-1.0_bw-5.0_density-gausset_ngrams-1t2.csv,
471,rdn_bias-2.0_hitmiss-1.0_bw-5.0_density-gausset_ngrams-1t3.csv,
472,rdn_bias-2.0_hitmiss-1.0_bw-5.0_density-gausset_ngrams-1t4.csv,
473,rdn_bias-2.0_hitmiss-1.0_bw-5.0_density-gausset_ngrams-2t3.csv,
474,rdn_bias-2.0_hitmiss-1.0_bw-5.0_density-gausset_ngrams-2t4.csv,
475,rdn_bias-2.0_hitmiss-1.0_bw-5.0_density-gausset_ngrams-3t4.csv,
476,rdn_bias-5.0_hitmiss-1.0_bw-1.0_density-expset_ngrams-1t2.csv,
477,rdn_bias-5.0_hitmiss-1.0_bw-1.0_density-expset_ngrams-1t3.csv,
478,rdn_bias-5.0_hitmiss-1.0_bw-1.0_density-expset_ngrams-1t4.csv,
479,rdn_bias-5.0_hitmiss-1.0_bw-1.0_density-expset_ngrams-2t3.csv,
480,rdn_bias-5.0_hitmiss-1.0_bw-1.0_density-expset_ngrams-2t4.csv,
481,rdn_bias-5.0_hitmiss-1.0_bw-1.0_density-expset_ngrams-3t4.csv,
482,rdn_bias-5.0_hitmiss-1.0_bw-1.0_density-gausset_ngrams-1t2.csv,
483,rdn_bias-5.0_hitmiss-1.0_bw-1.0_density-gausset_ngrams-1t3.csv,
484,rdn_bias-5.0_hitmiss-1.0_bw-1.0_density-gausset_ngrams-1t4.csv,
485,rdn_bias-5.0_hitmiss-1.0_bw-1.0_density-gausset_ngrams-2t3.csv,
486,rdn_bias-5.0_hitmiss-1.0_bw-1.0_density-gausset_ngrams-2t4.csv,
487,rdn_bias-5.0_hitmiss-1.0_bw-1.0_density-gausset_ngrams-3t4.csv,
488,rdn_bias-5.0_hitmiss-1.0_bw-2.0_density-expset_ngrams-1t2.csv,
489,rdn_bias-5.0_hitmiss-1.0_bw-2.0_density-expset_ngrams-1t3.csv,
490,rdn_bias-5.0_hitmiss-1.0_bw-2.0_density-expset_ngrams-1t4.csv,
491,rdn_bias-5.0_hitmiss-1.0_bw-2.0_density-expset_ngrams-2t3.csv,
492,rdn_bias-5.0_hitmiss-1.0_bw-2.0_density-expset_ngrams-2t4.csv,
493,rdn_bias-5.0_hitmiss-1.0_bw-2.0_density-expset_ngrams-3t4.csv,
494,rdn_bias-5.0_hitmiss-1.0_bw-2.0_density-gausset_ngrams-1t2.csv,
495,rdn_bias-5.0_hitmiss-1.0_bw-2.0_density-gausset_ngrams-1t3.csv,
496,rdn_bias-5.0_hitmiss-1.0_bw-2.0_density-gausset_ngrams-1t4.csv,
497,rdn_bias-5.0_hitmiss-1.0_bw-2.0_density-gausset_ngrams-2t3.csv,
498,rdn_bias-5.0_hitmiss-1.0_bw-2.0_density-gausset_ngrams-2t4.csv,
499,rdn_bias-5.0_hitmiss-1.0_bw-2.0_density-gausset_ngrams-3t4.csv,
500,rdn_bias-5.0_hitmiss-1.0_bw-3.0_density-expset_ngrams-1t2.csv,
501,rdn_bias-5.0_hitmiss-1.0_bw-3.0_density-expset_ngrams-1t3.csv,
502,rdn_bias-5.0_hitmiss-1.0_bw-3.0_density-expset_ngrams-1t4.csv,
503,rdn_bias-5.0_hitmiss-1.0_bw-3.0_density-expset_ngrams-2t3.csv,
504,rdn_bias-5.0_hitmiss-1.0_bw-3.0_density-expset_ngrams-2t4.csv,
505,rdn_bias-5.0_hitmiss-1.0_bw-3.0_density-expset_ngrams-3t4.csv,
506,rdn_bias-5.0_hitmiss-1.0_bw-3.0_density-gausset_ngrams-1t2.csv,
507,rdn_bias-5.0_hitmiss-1.0_bw-3.0_density-gausset_ngrams-1t3.csv,
508,rdn_bias-5.0_hitmiss-1.0_bw-3.0_density-gausset_ngrams-1t4.csv,
509,rdn_bias-5.0_hitmiss-1.0_bw-3.0_density-gausset_ngrams-2t3.csv,
510,rdn_bias-5.0_hitmiss-1.0_bw-3.0_density-gausset_ngrams-2t4.csv,
511,rdn_bias-5.0_hitmiss-1.0_bw-3.0_density-gausset_ngrams-3t4.csv,
512,rdn_bias-5.0_hitmiss-1.0_bw-4.0_density-expset_ngrams-1t2.csv,
513,rdn_bias-5.0_hitmiss-1.0_bw-4.0_density-expset_ngrams-1t3.csv,
514,rdn_bias-5.0_hitmiss-1.0_bw-4.0_density-expset_ngrams-1t4.csv,
515,rdn_bias-5.0_hitmiss-1.0_bw-4.0_density-expset_ngrams-2t3.csv,
516,rdn_bias-5.0_hitmiss-1.0_bw-4.0_density-expset_ngrams-2t4.csv,
517,rdn_bias-5.0_hitmiss-1.0_bw-4.0_density-expset_ngrams-3t4.csv,
518,rdn_bias-5.0_hitmiss-1.0_bw-4.0_density-gausset_ngrams-1t2.csv,
519,rdn_bias-5.0_hitmiss-1.0_bw-4.0_density-gausset_ngrams-1t3.csv,
520,rdn_bias-5.0_hitmiss-1.0_bw-4.0_density-gausset_ngrams-1t4.csv,
521,rdn_bias-5.0_hitmiss-1.0_bw-4.0_density-gausset_ngrams-2t3.csv,
522,rdn_bias-5.0_hitmiss-1.0_bw-4.0_density-gausset_ngrams-2t4.csv,
523,rdn_bias-5.0_hitmiss-1.0_bw-4.0_density-gausset_ngrams-3t4.csv,
524,rdn_bias-5.0_hitmiss-1.0_bw-5.0_density-expset_ngrams-1t2.csv,
525,rdn_bias-5.0_hitmiss-1.0_bw-5.0_density-expset_ngrams-1t3.csv,
526,rdn_bias-5.0_hitmiss-1.0_bw-5.0_density-expset_ngrams-1t4.csv,
527,rdn_bias-5.0_hitmiss-1.0_bw-5.0_density-expset_ngrams-2t3.csv,
528,rdn_bias-5.0_hitmiss-1.0_bw-5.0_density-expset_ngrams-2t4.csv,
529,rdn_bias-5.0_hitmiss-1.0_bw-5.0_density-expset_ngrams-3t4.csv,
530,rdn_bias-5.0_hitmiss-1.0_bw-5.0_density-gausset_ngrams-1t2.csv,
531,rdn_bias-5.0_hitmiss-1.0_bw-5.0_density-gausset_ngrams-1t3.csv,
532,rdn_bias-5.0_hitmiss-1.0_bw-5.0_density-gausset_ngrams-1t4.csv,
533,rdn_bias-5.0_hitmiss-1.0_bw-5.0_density-gausset_ngrams-2t3.csv,
534,rdn_bias-5.0_hitmiss-1.0_bw-5.0_density-gausset_ngrams-2t4.csv,
535,rdn_bias-5.0_hitmiss-1.0_bw-5.0_density-gausset_ngrams-3t4.csv,
536,rdn_bias-8.0_hitmiss-1.0_bw-1.0_density-expset_ngrams-1t2.csv,
537,rdn_bias-8.0_hitmiss-1.0_bw-1.0_density-expset_ngrams-1t3.csv,
538,rdn_bias-8.0_hitmiss-1.0_bw-1.0_density-expset_ngrams-1t4.csv,
539,rdn_bias-8.0_hitmiss-1.0_bw-1.0_density-expset_ngrams-2t3.csv,
540,rdn_bias-8.0_hitmiss-1.0_bw-1.0_density-expset_ngrams-2t4.csv,
541,rdn_bias-8.0_hitmiss-1.0_bw-1.0_density-expset_ngrams-3t4.csv,
542,rdn_bias-8.0_hitmiss-1.0_bw-1.0_density-gausset_ngrams-1t2.csv,
543,rdn_bias-8.0_hitmiss-1.0_bw-1.0_density-gausset_ngrams-1t3.csv,
544,rdn_bias-8.0_hitmiss-1.0_bw-1.0_density-gausset_ngrams-1t4.csv,
545,rdn_bias-8.0_hitmiss-1.0_bw-1.0_density-gausset_ngrams-2t3.csv,
546,rdn_bias-8.0_hitmiss-1.0_bw-1.0_density-gausset_ngrams-2t4.csv,
547,rdn_bias-8.0_hitmiss-1.0_bw-1.0_density-gausset_ngrams-3t4.csv,
548,rdn_bias-8.0_hitmiss-1.0_bw-2.0_density-expset_ngrams-1t2.csv,
549,rdn_bias-8.0_hitmiss-1.0_bw-2.0_density-expset_ngrams-1t3.csv,
550,rdn_bias-8.0_hitmiss-1.0_bw-2.0_density-expset_ngrams-1t4.csv,
551,rdn_bias-8.0_hitmiss-1.0_bw-2.0_density-expset_ngrams-2t3.csv,
552,rdn_bias-8.0_hitmiss-1.0_bw-2.0_density-expset_ngrams-2t4.csv,
553,rdn_bias-8.0_hitmiss-1.0_bw-2.0_density-expset_ngrams-3t4.csv,
554,rdn_bias-8.0_hitmiss-1.0_bw-2.0_density-gausset_ngrams-1t2.csv,
555,rdn_bias-8.0_hitmiss-1.0_bw-2.0_density-gausset_ngrams-1t3.csv,
556,rdn_bias-8.0_hitmiss-1.0_bw-2.0_density-gausset_ngrams-1t4.csv,
557,rdn_bias-8.0_hitmiss-1.0_bw-2.0_density-gausset_ngrams-2t3.csv,
558,rdn_bias-8.0_hitmiss-1.0_bw-2.0_density-gausset_ngrams-2t4.csv,
559,rdn_bias-8.0_hitmiss-1.0_bw-2.0_density-gausset_ngrams-3t4.csv,
560,rdn_bias-8.0_hitmiss-1.0_bw-3.0_density-expset_ngrams-1t2.csv,
561,rdn_bias-8.0_hitmiss-1.0_bw-3.0_density-expset_ngrams-1t3.csv,
562,rdn_bias-8.0_hitmiss-1.0_bw-3.0_density-expset_ngrams-1t4.csv,
563,rdn_bias-8.0_hitmiss-1.0_bw-3.0_density-expset_ngrams-2t3.csv,
564,rdn_bias-8.0_hitmiss-1.0_bw-3.0_density-expset_ngrams-2t4.csv,
565,rdn_bias-8.0_hitmiss-1.0_bw-3.0_density-expset_ngrams-3t4.csv,
566,rdn_bias-8.0_hitmiss-1.0_bw-3.0_density-gausset_ngrams-1t2.csv,
567,rdn_bias-8.0_hitmiss-1.0_bw-3.0_density-gausset_ngrams-1t3.csv,
568,rdn_bias-8.0_hitmiss-1.0_bw-3.0_density-gausset_ngrams-1t4.csv,
569,rdn_bias-8.0_hitmiss-1.0_bw-3.0_density-gausset_ngrams-2t3.csv,
570,rdn_bias-8.0_hitmiss-1.0_bw-3.0_density-gausset_ngrams-2t4.csv,
571,rdn_bias-8.0_hitmiss-1.0_bw-3.0_density-gausset_ngrams-3t4.csv,
572,rdn_bias-8.0_hitmiss-1.0_bw-4.0_density-expset_ngrams-1t2.csv,
573,rdn_bias-8.0_hitmiss-1.0_bw-4.0_density-expset_ngrams-1t3.csv,
574,rdn_bias-8.0_hitmiss-1.0_bw-4.0_density-expset_ngrams-1t4.csv,
575,rdn_bias-8.0_hitmiss-1.0_bw-4.0_density-expset_ngrams-2t3.csv,
576,rdn_bias-8.0_hitmiss-1.0_bw-4.0_density-expset_ngrams-2t4.csv,
577,rdn_bias-8.0_hitmiss-1.0_bw-4.0_density-expset_ngrams-3t4.csv,
578,rdn_bias-8.0_hitmiss-1.0_bw-4.0_density-gausset_ngrams-1t2.csv,
579,rdn_bias-8.0_hitmiss-1.0_bw-4.0_density-gausset_ngrams-1t3.csv,
580,rdn_bias-8.0_hitmiss-1.0_bw-4.0_density-gausset_ngrams-1t4.csv,
581,rdn_bias-8.0_hitmiss-1.0_bw-4.0_density-gausset_ngrams-2t3.csv,
582,rdn_bias-8.0_hitmiss-1.0_bw-4.0_density-gausset_ngrams-2t4.csv,
583,rdn_bias-8.0_hitmiss-1.0_bw-4.0_density-gausset_ngrams-3t4.csv,
584,rdn_bias-8.0_hitmiss-1.0_bw-5.0_density-expset_ngrams-1t2.csv,
585,rdn_bias-8.0_hitmiss-1.0_bw-5.0_density-expset_ngrams-1t3.csv,
586,rdn_bias-8.0_hitmiss-1.0_bw-5.0_density-expset_ngrams-1t4.csv,
587,rdn_bias-8.0_hitmiss-1.0_bw-5.0_density-expset_ngrams-2t3.csv,
588,rdn_bias-8.0_hitmiss-1.0_bw-5.0_density-expset_ngrams-2t4.csv,
589,rdn_bias-8.0_hitmiss-1.0_bw-5.0_density-expset_ngrams-3t4.csv,
590,rdn_bias-8.0_hitmiss-1.0_bw-5.0_density-gausset_ngrams-1t2.csv,
591,rdn_bias-8.0_hitmiss-1.0_bw-5.0_density-gausset_ngrams-1t3.csv,
592,rdn_bias-8.0_hitmiss-1.0_bw-5.0_density-gausset_ngrams-1t4.csv,
593,rdn_bias-8.0_hitmiss-1.0_bw-5.0_density-gausset_ngrams-2t3.csv,
594,rdn_bias-8.0_hitmiss-1.0_bw-5.0_density-gausset_ngrams-2t4.csv,
595,rdn_bias-8.0_hitmiss-1.0_bw-5.0_density-gausset_ngrams-3t4.csv,
